,affn,label
2720,"[2.1423704236745835, 6.4202165603637695]","[0.1, 1.0]"
2722,"[1.3830700874328614, 5.1864190101623535]","[0.0, 1.0]"
2445,"[3.314604616165161, 5.0]","[0.35, 1.0]"
1222,"[-0.27494715712964535, 4.950394153594971]","[0.0, 1.0]"
