{
    "rmse": 1.9000418834085382,
    "mae": 1.4409828186035156,
    "r2": 0.46623092889785767,
    "pearson_r": 0.730364203453064,
    "spearman_r": 0.6945643386189673,
    "ce": -0.0,
    "epoch": 7
}