{
    "rmse": 1.2813272220321608,
    "mae": 0.9508504867553711,
    "r2": -0.6993771239391695,
    "pearson_r": 0.25534253931499873,
    "spearman_r": 0.27846820113791537,
    "ce": -0.0,
    "epoch": 0
}